{"5": [0.05295515060424805, 0.052370309829711914, 0.05482196807861328, 0.053144216537475586, 0.0511021614074707, 0.05295825004577637, 0.05228114128112793, 0.05315995216369629, 0.05276012420654297, 0.05346822738647461], "6": [0.061368703842163086, 0.06318497657775879, 0.06136918067932129, 0.063140869140625, 0.06042003631591797, 0.06244468688964844, 0.06137275695800781, 0.06328487396240234, 0.061766862869262695, 0.06337618827819824], "7": [0.08150887489318848, 0.07507991790771484, 0.07670021057128906, 0.07790517807006836, 0.07667088508605957, 0.07534980773925781, 0.07674598693847656, 0.07872891426086426, 0.07567620277404785, 0.077362060546875], "8": [0.08305120468139648, 0.08249807357788086, 0.0865938663482666, 0.08564400672912598, 0.08124995231628418, 0.0816030502319336, 0.08550119400024414, 0.08278870582580566, 0.0843970775604248, 0.08168292045593262], "9": [0.09485387802124023, 0.09424591064453125, 0.0966799259185791, 0.09374690055847168, 0.09679698944091797, 0.09454107284545898, 0.09340476989746094, 0.10068607330322266, 0.0930941104888916, 0.09272170066833496], "10": [0.10526680946350098, 0.10740399360656738, 0.10918211936950684, 0.11101222038269043, 0.11378312110900879, 0.11384820938110352, 0.1148691177368164, 0.11626815795898438, 0.11593484878540039, 0.11233305931091309], "11": [0.14504194259643555, 0.13423585891723633, 0.1380901336669922, 0.140516996383667, 0.13980579376220703, 0.13840317726135254, 0.1294400691986084, 0.12779688835144043, 0.12976789474487305, 0.12850713729858398], "12": [0.14779210090637207, 0.15552592277526855, 0.1501781940460205, 0.14568781852722168, 0.14759302139282227, 0.14638900756835938, 0.15008306503295898, 0.15102314949035645, 0.15054702758789062, 0.14307308197021484], "13": [0.15364503860473633, 0.15549802780151367, 0.15584421157836914, 0.15743708610534668, 0.15775370597839355, 0.15934419631958008, 0.1605360507965088, 0.15870308876037598, 0.1599721908569336, 0.15935206413269043], "14": [0.16475510597229004, 0.17352914810180664, 0.1722729206085205, 0.17031002044677734, 0.16965603828430176, 0.17022395133972168, 0.16898798942565918, 0.17259526252746582, 0.1689300537109375, 0.16605901718139648], "15": [0.19365191459655762, 0.18838214874267578, 0.1896982192993164, 0.19095802307128906, 0.1855459213256836, 0.18781089782714844, 0.1891191005706787, 0.1864919662475586, 0.19243383407592773, 0.18763208389282227], "16": [0.21309900283813477, 0.22869181632995605, 0.24576187133789062, 0.21642708778381348, 0.22038698196411133, 0.21447110176086426, 0.22268104553222656, 0.21814918518066406, 0.21260905265808105, 0.2183210849761963], "17": [0.24125885963439941, 0.23768901824951172, 0.23590993881225586, 0.2321920394897461, 0.23224186897277832, 0.2317507266998291, 0.24221396446228027, 0.23517584800720215, 0.24998188018798828, 0.23227286338806152], "18": [0.25553297996520996, 0.24776506423950195, 0.2524900436401367, 0.25075817108154297, 0.25278425216674805, 0.24851393699645996, 0.2537040710449219, 0.25169992446899414, 0.25643491744995117, 0.2528879642486572], "19": [0.29461002349853516, 0.29640913009643555, 0.29450392723083496, 0.29384517669677734, 0.29408907890319824, 0.300156831741333, 0.2917299270629883, 0.29910707473754883, 0.29607701301574707, 0.29723691940307617], "20": [0.2765676975250244, 0.276684045791626, 0.2835700511932373, 0.27613019943237305, 0.28195691108703613, 0.2782280445098877, 0.2792699337005615, 0.27739906311035156, 0.2767350673675537, 0.28454113006591797], "21": [0.30100107192993164, 0.30353713035583496, 0.3266172409057617, 0.305419921875, 0.30199289321899414, 0.3087301254272461, 0.3107459545135498, 0.30319786071777344, 0.3085050582885742, 0.3121061325073242], "22": [0.3489069938659668, 0.3525838851928711, 0.35628795623779297, 0.350024938583374, 0.34998202323913574, 0.3558919429779053, 0.3563802242279053, 0.35358691215515137, 0.3535428047180176, 0.34977197647094727], "23": [0.34043216705322266, 0.33525967597961426, 0.3314979076385498, 0.3428800106048584, 0.3355100154876709, 0.34181809425354004, 0.3385148048400879, 0.33490800857543945, 0.3422658443450928, 0.34280920028686523], "24": [0.36329197883605957, 0.36564111709594727, 0.3743019104003906, 0.36450791358947754, 0.36754918098449707, 0.3759641647338867, 0.36377596855163574, 0.36446189880371094, 0.36791515350341797, 0.36175012588500977], "25": [0.4219331741333008, 0.41188907623291016, 0.42674899101257324, 0.4170420169830322, 0.40965819358825684, 0.41868114471435547, 0.41029882431030273, 0.41204285621643066, 0.42063307762145996, 0.4161360263824463]}