{"25": [2.5026261806488037, 2.4645309448242188, 2.4917781352996826, 2.5095443725585938, 2.544962167739868, 2.504732131958008, 2.471264123916626, 2.579049825668335, 2.5537590980529785, 2.51058292388916, 2.6440072059631348, 2.576723337173462, 2.4811389446258545, 2.472914934158325, 2.465735912322998, 2.465273857116699, 2.470968008041382, 2.4693081378936768, 2.4539902210235596, 2.446031093597412, 2.5134568214416504, 2.5218727588653564, 2.4816348552703857, 2.4631450176239014, 2.4703519344329834, 2.4563989639282227, 2.620452880859375, 2.905478000640869, 2.7541160583496094, 2.593271017074585], "26": [1.4910557270050049, 1.5418858528137207, 1.490231990814209, 1.4734740257263184, 1.4461240768432617, 1.4478950500488281, 1.488394021987915, 1.6094119548797607, 1.9964799880981445, 1.7491531372070312, 1.7024891376495361, 1.566007137298584, 1.6378920078277588, 1.6353907585144043, 1.666985034942627, 1.7327370643615723, 1.6408069133758545, 1.5809400081634521, 1.5937070846557617, 1.5729799270629883, 1.6302359104156494, 1.6069731712341309, 1.5938971042633057, 1.5661489963531494, 1.6785030364990234, 1.5847392082214355, 1.6011440753936768, 1.5377349853515625, 1.5168912410736084, 1.5278751850128174], "27": [2.4067740440368652, 2.390317916870117, 2.366262197494507, 2.3449790477752686, 2.341357946395874, 2.3344082832336426, 2.35579514503479, 2.320456027984619, 2.327100992202759, 2.3623039722442627, 2.3722732067108154, 2.321800947189331, 2.404694080352783, 2.356245994567871, 2.4521782398223877, 2.5371809005737305, 2.6459789276123047, 2.5646708011627197, 2.438279151916504, 2.319486141204834, 2.410274028778076, 2.3494908809661865, 2.4159128665924072, 2.423215866088867, 2.6447689533233643, 2.518035888671875, 2.537687063217163, 2.516448736190796, 2.5295920372009277, 2.5147769451141357], "28": [0.23835301399230957, 0.23567509651184082, 0.24109911918640137, 0.2430729866027832, 0.24367594718933105, 0.25826001167297363, 0.24572300910949707, 0.24031805992126465, 0.24082612991333008, 0.2417278289794922, 0.2602989673614502, 0.24204206466674805, 0.23910284042358398, 0.23839592933654785, 0.24251985549926758, 0.23819994926452637, 0.2387850284576416, 0.2425980567932129, 0.2391951084136963, 0.23804283142089844, 0.241560697555542, 0.2399890422821045, 0.23658490180969238, 0.243394136428833, 0.23966574668884277, 0.24232697486877441, 0.23738503456115723, 0.23666882514953613, 0.23785185813903809, 0.2437279224395752], "29": [0.2045750617980957, 0.20485234260559082, 0.2022862434387207, 0.2021489143371582, 0.2040848731994629, 0.20282387733459473, 0.2065260410308838, 0.20968389511108398, 0.20293784141540527, 0.2085428237915039, 0.2037351131439209, 0.20381784439086914, 0.20523881912231445, 0.20484495162963867, 0.20760393142700195, 0.20808720588684082, 0.20261931419372559, 0.2056581974029541, 0.20360660552978516, 0.212813138961792, 0.20219111442565918, 0.20439982414245605, 0.20380091667175293, 0.20773887634277344, 0.20510601997375488, 0.2055680751800537, 0.2028040885925293, 0.20758509635925293, 0.20406889915466309, 0.20428681373596191], "30": [0.25923800468444824, 0.25061869621276855, 0.2494971752166748, 0.2479088306427002, 0.2476658821105957, 0.2571237087249756, 0.2518150806427002, 0.252216100692749, 0.24849295616149902, 0.2507448196411133, 0.2503042221069336, 0.24888086318969727, 0.25160813331604004, 0.25485897064208984, 0.24827003479003906, 0.25159311294555664, 0.25476717948913574, 0.2721977233886719, 0.25302886962890625, 0.2546072006225586, 0.24933505058288574, 0.25075793266296387, 0.2508218288421631, 0.24977898597717285, 0.24808120727539062, 0.2566211223602295, 0.24801111221313477, 0.2503809928894043, 0.24875807762145996, 0.24924898147583008], "31": [0.29112792015075684, 0.2976491451263428, 0.2897961139678955, 0.29006195068359375, 0.29150891304016113, 0.29294276237487793, 0.2928192615509033, 0.29813408851623535, 0.2908499240875244, 0.29510974884033203, 0.29271578788757324, 0.29932093620300293, 0.2969088554382324, 0.29170989990234375, 0.29380083084106445, 0.2900421619415283, 0.28948307037353516, 0.28959107398986816, 0.2981698513031006, 0.29085493087768555, 0.29091525077819824, 0.2900350093841553, 0.2938239574432373, 0.2965970039367676, 0.28790783882141113, 0.28629398345947266, 0.29067015647888184, 0.29288387298583984, 0.29056596755981445, 0.29114794731140137], "32": [0.21102690696716309, 0.21552109718322754, 0.20873618125915527, 0.20973801612854004, 0.21110987663269043, 0.2203357219696045, 0.21714496612548828, 0.2108607292175293, 0.21108293533325195, 0.21070194244384766, 0.20986318588256836, 0.2135779857635498, 0.21287298202514648, 0.241713285446167, 0.22801518440246582, 0.21120214462280273, 0.21027421951293945, 0.2120680809020996, 0.21056914329528809, 0.2138822078704834, 0.227402925491333, 0.21349120140075684, 0.20982813835144043, 0.21088385581970215, 0.21148324012756348, 0.2143843173980713, 0.21906375885009766, 0.21115708351135254, 0.2393050193786621, 0.2125110626220703], "33": [0.22708702087402344, 0.2084028720855713, 0.21358275413513184, 0.22795677185058594, 0.22950196266174316, 0.21274209022521973, 0.21494388580322266, 0.2102808952331543, 0.20917296409606934, 0.2113351821899414, 0.2152881622314453, 0.22889089584350586, 0.21132707595825195, 0.20872211456298828, 0.21216797828674316, 0.22153496742248535, 0.21522116661071777, 0.20603108406066895, 0.2067568302154541, 0.2016439437866211, 0.20303988456726074, 0.2136671543121338, 0.20500683784484863, 0.20566916465759277, 0.20355916023254395, 0.2039508819580078, 0.20392704010009766, 0.20464491844177246, 0.20875167846679688, 0.20863795280456543], "34": [0.23955988883972168, 0.23552799224853516, 0.2503669261932373, 0.23607516288757324, 0.26868200302124023, 0.24523377418518066, 0.24524474143981934, 0.2396221160888672, 0.2433309555053711, 0.2465059757232666, 0.2565019130706787, 0.22598004341125488, 0.23465180397033691, 0.22724628448486328, 0.23027706146240234, 0.2238168716430664, 0.22786688804626465, 0.24650788307189941, 0.24742579460144043, 0.25252819061279297, 0.24973106384277344, 0.24822688102722168, 0.2507460117340088, 0.23549985885620117, 0.23636078834533691, 0.23746371269226074, 0.24211716651916504, 0.2421109676361084, 0.24038481712341309, 0.2394559383392334]}