{"0": [0.6568272113800049, 0.6592652797698975, 0.6612429618835449, 0.6625168323516846, 0.6656367778778076, 0.6671102046966553, 0.669590950012207, 0.6718368530273438, 0.6759700775146484, 0.6762897968292236, 0.677403450012207, 0.6820800304412842, 0.6832191944122314, 0.6840651035308838, 0.6841800212860107, 0.6858119964599609, 0.6876480579376221, 0.6955420970916748, 0.6968340873718262, 0.6970341205596924, 0.7000608444213867, 0.7036442756652832, 0.704376220703125, 0.7050108909606934, 0.7059130668640137, 0.7079193592071533, 0.8232383728027344, 0.8262324333190918, 0.96138596534729, 1.2857565879821777, 1.2871387004852295, 1.2888987064361572, 1.2983489036560059, 1.316941499710083, 1.342787742614746, 1.3531708717346191, 2.4156243801116943, 2.4798712730407715, 2.489093065261841, 2.633577585220337, 3.4967312812805176, 3.5304017066955566, 3.7914931774139404, 4.14627480506897, 4.38359808921814], "1": [0.5175061225891113, 0.6538677215576172, 0.658623218536377, 0.6587979793548584, 0.6591157913208008, 0.660513162612915, 0.6618096828460693, 0.661827802658081, 0.6647052764892578, 0.665468692779541, 0.6655013561248779, 0.6660468578338623, 0.6664633750915527, 0.6673069000244141, 0.6678094863891602, 0.6681578159332275, 0.6705489158630371, 0.6707220077514648, 0.6712367534637451, 0.6718442440032959, 0.6719658374786377, 0.6725599765777588, 0.6728136539459229, 0.6748278141021729, 0.682509183883667, 0.683234691619873, 0.7047169208526611, 0.7111670970916748, 0.7235863208770752, 0.7255859375, 0.809720516204834, 0.8492834568023682, 0.9248013496398926, 0.9260735511779785, 0.9300887584686279, 1.2036089897155762, 1.2387967109680176, 1.2888789176940918, 1.292219877243042, 1.3109657764434814, 1.3220806121826172, 1.3457252979278564, 1.3470485210418701, 1.3488354682922363, 1.3503844738006592], "2": [0.5174484252929688, 0.5180721282958984, 0.5185010433197021, 0.5193049907684326, 0.5199828147888184, 0.5200574398040771, 0.5231356620788574, 0.5265390872955322, 0.6472444534301758, 0.6537368297576904, 0.6546800136566162, 0.6558136940002441, 0.6562597751617432, 0.6587297916412354, 0.6606731414794922, 0.6616787910461426, 0.6632997989654541, 0.6650054454803467, 0.6662709712982178, 0.6666088104248047, 0.6676130294799805, 0.6944139003753662, 0.6970937252044678, 0.6975350379943848, 0.6981601715087891, 0.6996965408325195, 0.7012743949890137, 0.7061116695404053, 0.7074341773986816, 0.7119529247283936, 0.7175381183624268, 0.7247304916381836, 0.7250809669494629, 0.7257201671600342, 0.7287850379943848, 0.7290151119232178, 0.7340354919433594, 0.7353675365447998, 0.735431432723999, 0.7732601165771484, 0.8207235336303711, 0.897852897644043, 0.9035804271697998, 1.1870083808898926, 1.1917877197265625], "3": [0.5129055976867676, 0.5152413845062256, 0.5182218551635742, 0.5186715126037598, 0.5218462944030762, 0.6536679267883301, 0.6552259922027588, 0.6558167934417725, 0.6583054065704346, 0.6583151817321777, 0.6595175266265869, 0.6599845886230469, 0.6620950698852539, 0.6629464626312256, 0.6661686897277832, 0.666593074798584, 0.6667160987854004, 0.6699111461639404, 0.6702554225921631, 0.6726925373077393, 0.6831889152526855, 0.6843643188476562, 0.6846475601196289, 0.6875729560852051, 0.6938610076904297, 0.7055537700653076, 0.7740247249603271, 0.7872467041015625, 0.789222002029419, 0.7912800312042236, 0.7968013286590576, 0.7983338832855225, 0.8011977672576904, 0.8017146587371826, 0.8032729625701904, 0.8052980899810791, 0.9032049179077148, 0.9115278720855713, 1.0618751049041748, 1.648385763168335, 2.416998863220215, 2.856571674346924, 2.858995199203491, 4.008967876434326, 5.066104888916016], "4": [0.5151457786560059, 0.5194716453552246, 0.5204617977142334, 0.5207316875457764, 0.5207865238189697, 0.6578645706176758, 0.6580846309661865, 0.6607828140258789, 0.6631355285644531, 0.6639249324798584, 0.664417028427124, 0.6646072864532471, 0.6651096343994141, 0.6670184135437012, 0.6689090728759766, 0.6695749759674072, 0.6708531379699707, 0.671875, 0.6725780963897705, 0.6807007789611816, 0.6856932640075684, 0.6865315437316895, 0.6890964508056641, 0.694084644317627, 0.7854404449462891, 0.7864768505096436, 0.7868778705596924, 0.7874629497528076, 0.787574052810669, 0.789600133895874, 0.7897591590881348, 0.7922360897064209, 0.7948741912841797, 0.8011629581451416, 0.8020720481872559, 0.8058938980102539, 0.8965396881103516, 0.9008934497833252, 0.9017560482025146, 0.9041337966918945, 0.904343843460083, 1.0615408420562744, 1.0639739036560059, 1.31951904296875, 2.4960551261901855], "5": [0.5166306495666504, 0.5178630352020264, 0.51914381980896, 0.5209043025970459, 0.5249171257019043, 0.6575567722320557, 0.6610798835754395, 0.6629080772399902, 0.6644673347473145, 0.665858268737793, 0.6666815280914307, 0.6669650077819824, 0.6672053337097168, 0.6680042743682861, 0.6708426475524902, 0.6720309257507324, 0.6736915111541748, 0.6863441467285156, 0.6873128414154053, 0.6942365169525146, 0.6990504264831543, 0.699272871017456, 0.7742125988006592, 0.7874720096588135, 0.7908320426940918, 0.7946550846099854, 0.7963712215423584, 0.7998232841491699, 0.80155348777771, 0.8031609058380127, 0.80338454246521, 0.8035776615142822, 0.8063898086547852, 0.8080461025238037, 0.8995287418365479, 0.9007430076599121, 0.9041836261749268, 0.908275842666626, 0.9125378131866455, 1.0606582164764404, 1.199526071548462, 2.40854549407959, 2.8110454082489014, 2.864908456802368, 4.001201391220093], "6": [0.5117063522338867, 0.5149350166320801, 0.5153787136077881, 0.5204646587371826, 0.5239062309265137, 0.6576383113861084, 0.6590149402618408, 0.6590685844421387, 0.6601388454437256, 0.6647100448608398, 0.6650688648223877, 0.6664876937866211, 0.6664917469024658, 0.6709871292114258, 0.6845016479492188, 0.6921677589416504, 0.6945819854736328, 0.6963856220245361, 0.6976432800292969, 0.6981379985809326, 0.6999053955078125, 0.7007837295532227, 0.7699518203735352, 0.7745449542999268, 0.7751269340515137, 0.7872633934020996, 0.7872953414916992, 0.7881660461425781, 0.7904374599456787, 0.7919876575469971, 0.7932484149932861, 0.7956290245056152, 0.7994887828826904, 0.8015134334564209, 0.803236722946167, 0.8127222061157227, 0.9011108875274658, 0.9014403820037842, 0.9280967712402344, 0.9359917640686035, 1.060706615447998, 1.0666446685791016, 1.3211321830749512, 2.4488863945007324, 2.868238925933838], "7": [0.5121541023254395, 0.5254988670349121, 0.5260889530181885, 0.5298440456390381, 0.543010950088501, 0.6558067798614502, 0.657390832901001, 0.6578259468078613, 0.6592519283294678, 0.6600170135498047, 0.6616275310516357, 0.6618835926055908, 0.6624035835266113, 0.6624462604522705, 0.6647388935089111, 0.6652717590332031, 0.6662845611572266, 0.6663837432861328, 0.6677794456481934, 0.671461820602417, 0.6721210479736328, 0.6733202934265137, 0.6742455959320068, 0.6825542449951172, 0.6862215995788574, 0.686629056930542, 0.6936182975769043, 0.6951630115509033, 0.6953151226043701, 0.6967658996582031, 0.7023465633392334, 0.769432783126831, 0.7720398902893066, 0.7906496524810791, 0.7979655265808105, 0.8003385066986084, 0.8011658191680908, 0.9001526832580566, 0.9005215167999268, 0.9014019966125488, 0.9015922546386719, 1.0601112842559814, 1.0674858093261719, 1.0786259174346924, 2.8582539558410645],